{
   "memoryData":
   {

      "rowNum":5,
      "colNum":6,
      "recordScore":0,
      "deck":[  
         {  
            "cardName":"1",
            "imgCode":"yellow",
            "rowPos":0,
            "colPos":0
         },
         {  
            "cardName":"2",
            "imgCode":"yellow",
            "rowPos":0,
            "colPos":1
         },
         {  
            "cardName":"3",
            "imgCode":"red",
            "rowPos":0,
            "colPos":2
         },
         {  
            "cardName":"4",
            "imgCode":"red",
            "rowPos":0,
            "colPos":3
         },
         {  
            "cardName":"5",
            "imgCode":"green",
            "rowPos":0,
            "colPos":4
         },
         {  
            "cardName":"6",
            "imgCode":"green",
            "rowPos":0,
            "colPos":5
         },
         {  
            "cardName":"7",
            "imgCode":"blue",
            "rowPos":1,
            "colPos":0
         },
         {  
            "cardName":"8",
            "imgCode":"blue",
            "rowPos":1,
            "colPos":1
         },
         {  
            "cardName":"9",
            "imgCode":"orange",
            "rowPos":1,
            "colPos":2
         },
         {  
            "cardName":"10",
            "imgCode":"orange",
            "rowPos":1,
            "colPos":3
         },
         {  
            "cardName":"11",
            "imgCode":"black",
            "rowPos":1,
            "colPos":4
         },
         {  
            "cardName":"12",
            "imgCode":"black",
            "rowPos":1,
            "colPos":5
         },
         {  
            "cardName":"13",
            "imgCode":"white",
            "rowPos":2,
            "colPos":0
         },
         {  
            "cardName":"14",
            "imgCode":"white",
            "rowPos":2,
            "colPos":1
         },
         {  
            "cardName":"15",
            "imgCode":"pink",
            "rowPos":2,
            "colPos":2
         },
         {  
            "cardName":"16",
            "imgCode":"pink",
            "rowPos":2,
            "colPos":3
         },
         {  
            "cardName":"17",
            "imgCode":"barbie",
            "rowPos":2,
            "colPos":4
         },
         {  
            "cardName":"18",
            "imgCode":"barbie",
            "rowPos":2,
            "colPos":5
         },
         {  
            "cardName":"19",
            "imgCode":"oil",
            "rowPos":3,
            "colPos":0
         },
         {  
            "cardName":"20",
            "imgCode":"oil",
            "rowPos":3,
            "colPos":1
         },
         {  
            "cardName":"21",
            "imgCode":"brown",
            "rowPos":3,
            "colPos":2
         },
         {  
            "cardName":"22",
            "imgCode":"brown",
            "rowPos":3,
            "colPos":3
         },
         {  
            "cardName":"23",
            "imgCode":"purple",
            "rowPos":3,
            "colPos":4
         },
         {  
            "cardName":"24",
            "imgCode":"purple",
            "rowPos":3,
            "colPos":5
         },
         {  
            "cardName":"25",
            "imgCode":"lime",
            "rowPos":4,
            "colPos":0
         },
         {  
            "cardName":"26",
            "imgCode":"lime",
            "rowPos":4,
            "colPos":1
         },
         {  
            "cardName":"27",
            "imgCode":"grey",
            "rowPos":4,
            "colPos":2
         },
         {  
            "cardName":"28",
            "imgCode":"grey",
            "rowPos":4,
            "colPos":3
         },
         {  
            "cardName":"29",
            "imgCode":"dark-blue",
            "rowPos":4,
            "colPos":4
         },
         {  
            "cardName":"30",
            "imgCode":"dark-blue",
            "rowPos":4,
            "colPos":5
         }
      ]
   }
 }